Date,AMZN,AMD,GOOGL
2013-08-30,280.980011,3.27,423.873871
2013-09-03,288.799988,3.27,430.62060499999995
2013-09-04,293.640015,3.31,436.25125099999997
2013-09-05,294.100006,3.41,440.22021500000005
2013-09-06,295.859985,3.57,440.230225
2013-09-09,299.709991,3.69,444.469482
2013-09-10,300.359985,3.87,444.77978499999995
2013-09-11,299.640015,3.82,448.54354900000004
2013-09-12,298.859985,3.75,446.97699000000006
2013-09-13,297.920013,3.83,444.97997999999995
2013-09-16,296.059998,3.82,444.32430999999997
2013-09-17,304.170013,3.85,443.49850499999997
2013-09-18,312.02999900000003,3.93,452.112122
2013-09-19,312.059998,3.95,449.644653
2013-09-20,316.339996,3.83,452.007019
2013-09-23,311.48999,3.79,443.693695
2013-09-24,314.130005,3.8,443.86386100000004
2013-09-25,312.649994,3.91,439.05404699999997
2013-09-26,318.119995,3.89,439.524536
2013-09-27,316.01001,3.86,438.633636
2013-09-30,312.640015,3.81,438.393402
2013-10-01,320.950012,3.86,443.94393899999994
2013-10-02,320.51001,3.9,444.439453
2013-10-03,314.76001,3.9,438.48349
2013-10-04,319.040009,3.91,436.611603
2013-10-07,310.02999900000003,3.86,433.30331399999994
2013-10-08,303.230011,3.72,427.26226799999995
2013-10-09,298.230011,3.65,428.358368
2013-10-10,305.170013,3.79,434.554565
2013-10-11,310.890015,3.83,436.4314269999999
2013-10-14,310.700012,3.97,438.4935
2013-10-15,306.399994,4.02,441.446442
2013-10-16,310.48999,4.09,449.46447800000004
2013-10-17,310.769989,4.09,444.839844
2013-10-18,328.929993,3.53,506.211212
2013-10-21,326.440002,3.37,502.15216100000004
2013-10-22,332.540009,3.18,504.003998
2013-10-23,326.76001,3.14,516.221191
2013-10-24,332.209991,3.23,513.288269
2013-10-25,363.390015,3.34,508.108093
2013-10-28,358.160004,3.32,508.007996
2013-10-29,362.700012,3.33,518.6386110000001
2013-10-30,361.079987,3.3,515.725708
2013-10-31,364.02999900000003,3.34,515.805786
2013-11-01,359.0,3.31,514.034058
2013-11-04,358.73999,3.32,513.568542
2013-11-05,358.890015,3.33,511.271271
2013-11-06,356.179993,3.32,511.88690199999996
2013-11-07,343.559998,3.28,504.479492
2013-11-08,350.309998,3.27,508.523529
2013-11-11,354.380005,3.34,505.800812
2013-11-12,349.52999900000003,3.44,506.396393
2013-11-13,356.22000099999997,3.54,516.75177
2013-11-14,367.399994,3.52,518.133118
2013-11-15,369.170013,3.5,517.297302
2013-11-18,366.179993,3.47,516.291321
2013-11-19,364.940002,3.42,513.113098
2013-11-20,362.570007,3.42,511.66665599999993
2013-11-21,368.920013,3.37,517.552551
2013-11-22,372.309998,3.34,516.461487
2013-11-25,376.640015,3.39,523.488464
2013-11-26,381.369995,3.45,529.734741
2013-11-27,386.709991,3.56,532.087097
2013-11-29,393.619995,3.64,530.325317
2013-12-02,392.299988,3.66,527.7677610000001
2013-12-03,384.660004,3.62,527.157166
2013-12-04,385.959991,3.57,529.619629
2013-12-05,384.48999,3.64,529.1992190000001
2013-12-06,386.950012,3.66,535.470459
2013-12-09,384.890015,3.63,539.6096190000001
2013-12-10,387.77999900000003,3.72,542.8728639999999
2013-12-11,382.190002,3.68,539.184204
2013-12-12,381.25,3.69,535.5155030000001
2013-12-13,384.23999,3.69,530.9259030000001
2013-12-16,388.97000099999997,3.59,537.027039
2013-12-17,387.649994,3.65,535.465454
2013-12-18,395.959991,3.65,542.917908
2013-12-19,395.190002,3.65,543.653625
2013-12-20,402.200012,3.69,550.86084
2013-12-23,402.920013,3.75,558.1080929999999
2013-12-24,399.200012,3.77,556.476501
2013-12-26,404.390015,3.8,559.289307
2013-12-27,398.079987,3.78,559.759766
2013-12-30,393.369995,3.85,555.2852780000001
2013-12-31,398.790009,3.87,560.9158940000001
2014-01-02,397.97000099999997,3.95,557.117126
2014-01-03,396.440002,4.0,553.05304
2014-01-06,393.630005,4.13,559.219238
2014-01-07,398.02999900000003,4.18,570.0
2014-01-08,401.920013,4.18,571.186157
2014-01-09,401.01001,4.09,565.6856690000001
2014-01-10,397.660004,4.17,565.6556400000001
2014-01-13,390.980011,4.13,562.052063
2014-01-14,397.540009,4.3,575.2752690000001
2014-01-15,395.869995,4.47,574.8848879999999
2014-01-16,395.799988,4.38,578.6886599999999
2014-01-17,399.609985,4.18,575.84082
2014-01-21,407.049988,4.17,582.432434
2014-01-22,404.540009,3.67,583.093079
2014-01-23,399.869995,3.62,580.630615
2014-01-24,387.600006,3.47,562.477478
2014-01-27,386.27999900000003,3.41,551.1661379999999
2014-01-28,394.429993,3.54,562.067078
2014-01-29,384.200012,3.48,554.014038
2014-01-30,403.01001,3.48,568.263245
2014-01-31,358.690002,3.43,591.07605
2014-02-03,346.149994,3.33,567.282288
2014-02-04,347.950012,3.37,569.649658
2014-02-05,346.450012,3.31,572.17218
2014-02-06,354.589996,3.41,580.5605469999999
2014-02-07,361.079987,3.47,589.3093259999999
2014-02-10,360.869995,3.63,587.052063
2014-02-11,361.790009,3.7,595.6856690000001
2014-02-12,349.25,3.69,593.938965
2014-02-13,357.200012,3.7,600.550537
2014-02-14,357.350006,3.69,602.0020139999999
2014-02-18,353.649994,3.7,606.046021
2014-02-19,347.380005,3.72,601.77179
2014-02-20,349.799988,3.69,602.657654
2014-02-21,346.76001,3.69,602.4974980000001
2014-02-24,351.77999900000003,3.71,606.8618769999999
2014-02-25,358.320007,3.69,610.610596
2014-02-26,359.799988,3.7,610.695679
2014-02-27,360.130005,3.71,610.21521
2014-02-28,362.100006,3.71,608.433411
2014-03-03,359.77999900000003,3.67,601.94696
2014-03-04,363.899994,3.7,608.063049
2014-03-05,372.369995,3.71,609.739746
2014-03-06,372.160004,3.73,610.415405
2014-03-07,372.059998,3.95,608.0029910000001
2014-03-10,370.52999900000003,3.81,606.3914179999999
2014-03-11,368.820007,3.85,600.5955809999999
2014-03-12,370.640015,3.91,604.254272
2014-03-13,371.51001,3.86,595.1251219999999
2014-03-14,373.73999,3.85,586.987
2014-03-17,375.040009,3.8,596.646667
2014-03-18,378.769989,3.89,606.2362059999999
2014-03-19,373.230011,3.98,600.22522
2014-03-20,368.97000099999997,4.05,599.179199
2014-03-21,360.619995,4.04,592.112122
2014-03-24,351.850006,4.05,579.544556
2014-03-25,354.709991,4.05,579.939941
2014-03-26,343.410004,4.05,566.551575
2014-03-27,338.47000099999997,3.91,557.697693
2014-03-28,338.290009,3.88,560.63562
2014-03-31,336.369995,4.01,557.812805
2014-04-01,342.98999,4.07,568.013
2014-04-02,341.959991,4.06,568.118103
2014-04-03,333.619995,4.0,571.5
2014-04-04,323.0,4.01,545.25
2014-04-07,317.76001,3.88,540.630005
2014-04-08,327.070007,3.99,557.51001
2014-04-09,331.809998,3.98,567.039978
2014-04-10,317.109985,3.85,546.6900019999999
2014-04-11,311.730011,3.65,537.76001
2014-04-14,315.910004,3.71,545.200012
2014-04-15,316.079987,3.79,548.700012
2014-04-16,323.679993,3.76,563.900024
2014-04-17,324.910004,3.69,543.340027
2014-04-21,330.869995,4.12,539.369995
2014-04-22,329.320007,4.3,545.5
2014-04-23,324.579987,4.25,537.51001
2014-04-24,337.149994,4.28,534.4400019999999
2014-04-25,303.829987,4.05,523.099976
2014-04-28,296.579987,3.96,522.97998
2014-04-29,300.380005,4.03,536.330017
2014-04-30,304.130005,4.09,534.880005
2014-05-01,307.890015,4.2,538.530029
2014-05-02,308.01001,4.12,533.869995
2014-05-05,310.049988,4.09,535.330017
2014-05-06,297.380005,4.01,522.570007
2014-05-07,292.709991,3.97,518.0
2014-05-08,288.320007,3.93,520.169983
2014-05-09,292.23999,3.87,526.619995
2014-05-12,302.859985,3.97,538.429993
2014-05-13,304.640015,4.03,541.539978
2014-05-14,297.619995,3.98,534.409973
2014-05-15,295.190002,3.96,529.119995
2014-05-16,297.700012,4.02,528.299988
2014-05-19,296.76001,4.09,538.830017
2014-05-20,301.190002,4.05,540.3900150000001
2014-05-21,305.01001,4.1,549.700012
2014-05-22,304.910004,4.01,555.450012
2014-05-23,312.23999,4.02,563.799988
2014-05-27,310.820007,4.04,574.869995
2014-05-28,310.160004,4.0,570.450012
2014-05-29,313.77999900000003,4.03,570.5599980000001
2014-05-30,312.549988,4.0,571.650024
2014-06-02,308.839996,3.97,564.340027
2014-06-03,307.190002,3.94,554.51001
2014-06-04,306.77999900000003,4.04,553.76001
2014-06-05,323.570007,4.08,564.929993
2014-06-06,329.670013,4.06,566.030029
2014-06-09,327.5,4.07,570.72998
2014-06-10,332.410004,4.2,568.299988
2014-06-11,335.200012,4.29,567.5
2014-06-12,325.910004,4.29,559.5
2014-06-13,326.269989,4.28,560.349976
2014-06-16,327.619995,4.44,552.299988
2014-06-17,325.619995,4.47,550.619995
2014-06-18,334.380005,4.4,560.659973
2014-06-19,327.0,4.36,564.98999
2014-06-20,324.200012,4.1,566.52002
2014-06-23,327.23999,4.01,574.289978
2014-06-24,324.160004,3.94,572.539978
2014-06-25,327.440002,3.96,585.929993
2014-06-26,325.690002,4.03,584.77002
2014-06-27,324.570007,4.11,585.6900019999999
2014-06-30,324.77999900000003,4.19,584.669983
2014-07-01,332.390015,4.22,591.48999
2014-07-02,332.850006,4.34,590.780029
2014-07-03,337.48999,4.24,593.080017
2014-07-07,333.549988,4.26,590.76001
2014-07-08,323.809998,4.22,578.400024
2014-07-09,329.97000099999997,4.23,583.3599849999999
2014-07-10,327.920013,4.29,580.039978
2014-07-11,346.200012,4.37,586.650024
2014-07-14,355.320007,4.64,594.26001
2014-07-15,354.440002,4.53,593.0599980000001
2014-07-16,355.899994,4.66,590.619995
2014-07-17,352.450012,4.57,580.820007
2014-07-18,358.660004,3.83,605.1099849999999
2014-07-21,359.76001,3.78,598.4400019999999
2014-07-22,360.839996,3.8,603.570007
2014-07-23,358.140015,3.76,605.1900019999999
2014-07-24,358.609985,3.73,603.01001
2014-07-25,324.01001,3.76,598.080017
2014-07-28,320.410004,3.73,599.02002
2014-07-29,320.0,3.79,593.950012
2014-07-30,322.51001,3.82,595.4400019999999
2014-07-31,312.98999,3.91,579.549988
2014-08-01,307.059998,3.97,573.599976
2014-08-04,313.649994,4.0,582.27002
2014-08-05,312.320007,4.08,573.1400150000001
2014-08-06,313.890015,4.12,574.48999
2014-08-07,311.450012,4.1,571.8099980000001
2014-08-08,316.799988,4.12,577.9400019999999
2014-08-11,318.329987,4.14,577.25
2014-08-12,319.320007,4.08,572.119995
2014-08-13,326.27999900000003,4.11,584.5599980000001
2014-08-14,333.209991,4.08,584.650024
2014-08-15,333.630005,4.13,583.710022
2014-08-18,334.52999900000003,4.21,592.700012
2014-08-19,335.130005,4.27,597.1099849999999
2014-08-20,335.77999900000003,4.28,595.409973
2014-08-21,332.910004,4.24,592.419983
2014-08-22,331.589996,4.25,592.539978
2014-08-25,334.019989,4.18,590.570007
2014-08-26,341.829987,4.19,588.119995
2014-08-27,343.179993,4.16,583.0
2014-08-28,340.019989,4.14,580.320007
2014-08-29,339.040009,4.17,582.3599849999999
2014-09-02,342.380005,4.16,588.630005
2014-09-03,339.0,4.19,589.52002
2014-09-04,345.950012,4.15,593.1400150000001
2014-09-05,346.380005,4.15,597.780029
2014-09-08,342.339996,4.13,601.630005
2014-09-09,329.75,4.08,591.969971
2014-09-10,331.329987,4.08,593.419983
2014-09-11,330.519989,4.08,591.1099849999999
2014-09-12,331.190002,3.96,584.900024
2014-09-15,323.890015,3.91,581.6400150000001
2014-09-16,327.76001,3.81,588.780029
2014-09-17,324.0,3.82,593.289978
2014-09-18,325.0,3.88,597.27002
2014-09-19,331.320007,3.81,605.400024
2014-09-22,324.5,3.76,597.27002
2014-09-23,323.630005,3.69,591.179993
2014-09-24,328.209991,3.7,598.419983
2014-09-25,321.929993,3.63,585.25
2014-09-26,323.209991,3.6,587.900024
2014-09-29,321.820007,3.55,587.8099980000001
2014-09-30,322.440002,3.41,588.409973
2014-10-01,317.459991,3.35,579.630005
2014-10-02,318.410004,3.39,580.880005
2014-10-03,322.73999,3.4,586.25
2014-10-06,322.200012,3.36,587.780029
2014-10-07,316.980011,3.28,574.099976
2014-10-08,322.700012,3.28,583.73999
2014-10-09,315.369995,2.95,570.8099980000001
2014-10-10,311.390015,2.72,555.1900019999999
2014-10-13,306.450012,2.74,544.75
2014-10-14,308.309998,2.62,548.6900019999999
2014-10-15,305.97000099999997,2.61,540.72998
2014-10-16,302.859985,2.64,536.919983
2014-10-17,303.640015,2.72,522.969971
2014-10-20,306.209991,2.67,532.380005
2014-10-21,315.329987,2.77,538.030029
2014-10-22,312.97000099999997,2.64,542.6900019999999
2014-10-23,313.179993,2.69,553.650024
2014-10-24,287.059998,2.68,548.900024
2014-10-27,289.97000099999997,2.66,549.880005
2014-10-28,295.589996,2.72,558.9400019999999
2014-10-29,294.119995,2.77,558.450012
2014-10-30,299.070007,2.75,560.27002
2014-10-31,305.459991,2.8,567.869995
2014-11-03,305.72000099999997,2.87,563.77002
2014-11-04,302.809998,2.83,564.1900019999999
2014-11-05,296.519989,2.8,555.950012
2014-11-06,296.640015,2.76,551.6900019999999
2014-11-07,299.859985,2.78,551.820007
2014-11-10,305.109985,2.76,558.22998
2014-11-11,312.01001,2.73,561.289978
2014-11-12,311.51001,2.71,558.25
2014-11-13,316.480011,2.66,556.4400019999999
2014-11-14,327.820007,2.61,555.1900019999999
2014-11-17,323.049988,2.67,546.6400150000001
2014-11-18,324.929993,2.65,544.51001
2014-11-19,326.540009,2.63,547.200012
2014-11-20,330.540009,2.69,543.76001
2014-11-21,332.630005,2.77,545.8900150000001
2014-11-24,335.640015,2.83,547.47998
2014-11-25,335.040009,2.83,549.22998
2014-11-26,333.570007,2.84,547.72998
2014-11-28,338.640015,2.79,549.080017
2014-12-01,326.0,2.67,539.650024
2014-12-02,326.309998,2.68,538.590027
2014-12-03,316.5,2.74,536.969971
2014-12-04,316.929993,2.69,542.580017
2014-12-05,312.630005,2.66,528.080017
2014-12-08,306.640015,2.58,530.72998
2014-12-09,312.5,2.59,536.1099849999999
2014-12-10,305.839996,2.48,528.039978
2014-12-11,307.359985,2.49,532.1099849999999
2014-12-12,307.320007,2.52,521.51001
2014-12-15,306.070007,2.47,515.840027
2014-12-16,295.059998,2.5,498.160004
2014-12-17,298.880005,2.55,506.450012
2014-12-18,297.730011,2.55,514.619995
2014-12-19,299.899994,2.57,520.039978
2014-12-22,306.540009,2.66,532.299988
2014-12-23,306.290009,2.67,538.77002
2014-12-24,303.02999900000003,2.65,536.929993
2014-12-26,309.089996,2.65,541.52002
2014-12-29,312.040009,2.66,537.3099980000001
2014-12-30,310.299988,2.63,535.280029
2014-12-31,310.350006,2.67,530.659973
2015-01-02,308.519989,2.67,529.549988
2015-01-05,302.190002,2.66,519.460022
2015-01-06,295.290009,2.63,506.64001500000006
2015-01-07,298.420013,2.58,505.14999400000005
2015-01-08,300.459991,2.61,506.910004
2015-01-09,296.929993,2.63,500.72000099999997
2015-01-12,291.410004,2.63,497.05999800000006
2015-01-13,294.73999,2.66,501.799988
2015-01-14,293.269989,2.63,505.92999299999997
2015-01-15,286.950012,2.52,504.01000999999997
2015-01-16,290.73999,2.39,510.459991
2015-01-20,289.440002,2.24,509.94000199999994
2015-01-21,297.25,2.45,520.3900150000001
2015-01-22,310.320007,2.47,537.299988
2015-01-23,312.390015,2.45,541.950012
2015-01-26,309.660004,2.61,536.719971
2015-01-27,306.75,2.7,521.1900019999999
2015-01-28,303.910004,2.63,512.429993
2015-01-29,311.77999900000003,2.61,513.22998
2015-01-30,354.52999900000003,2.57,537.549988
2015-02-02,364.47000099999997,2.67,532.200012
2015-02-03,363.549988,2.76,533.299988
2015-02-04,364.75,2.85,526.099976
2015-02-05,373.890015,3.31,529.830017
2015-02-06,374.27999900000003,3.03,533.880005
2015-02-09,370.559998,3.04,529.280029
2015-02-10,373.0,3.04,540.159973
2015-02-11,375.140015,3.07,538.0
2015-02-12,377.170013,3.12,546.01001
2015-02-13,381.829987,3.15,551.159973
2015-02-17,375.429993,3.11,545.01001
2015-02-18,373.369995,3.08,542.650024
2015-02-19,379.0,3.06,546.450012
2015-02-20,383.660004,3.06,541.799988
2015-02-23,380.140015,3.06,535.0
2015-02-24,378.589996,3.11,538.650024
2015-02-25,385.369995,3.1,547.330017
2015-02-26,384.799988,3.08,559.289978
2015-02-27,380.160004,3.11,562.630005
2015-03-02,385.660004,3.21,575.02002
2015-03-03,384.609985,3.14,578.789978
2015-03-04,382.72000099999997,3.05,578.330017
2015-03-05,387.829987,2.98,581.429993
2015-03-06,380.089996,2.92,572.900024
2015-03-09,378.559998,2.93,574.099976
2015-03-10,369.51001,2.92,559.849976
2015-03-11,366.369995,2.84,555.6900019999999
2015-03-12,374.23999,2.76,561.169983
2015-03-13,370.579987,2.75,553.0
2015-03-16,373.350006,2.76,561.6400150000001
2015-03-17,371.920013,2.77,557.6099849999999
2015-03-18,375.140015,2.75,566.159973
2015-03-19,373.23999,2.74,563.669983
2015-03-20,378.48999,2.8,564.950012
2015-03-23,375.109985,2.84,565.369995
2015-03-24,374.089996,2.79,577.539978
2015-03-25,370.959991,2.63,567.0
2015-03-26,367.350006,2.65,563.6400150000001
2015-03-27,370.559998,2.72,557.549988
2015-03-30,374.589996,2.7,561.1400150000001
2015-03-31,372.100006,2.68,554.700012
2015-04-01,370.26001,2.69,549.48999
2015-04-02,372.25,2.69,541.3099980000001
2015-04-06,377.040009,2.7,543.950012
2015-04-07,374.410004,2.7,544.8599849999999
2015-04-08,381.200012,2.71,548.840027
2015-04-09,383.540009,2.72,548.02002
2015-04-10,382.649994,2.76,548.539978
2015-04-13,382.359985,2.78,548.6400150000001
2015-04-14,385.109985,2.67,539.780029
2015-04-15,383.450012,2.7,541.039978
2015-04-16,386.040009,2.87,543.52002
2015-04-17,375.559998,2.58,532.73999
2015-04-20,389.51001,2.49,544.530029
2015-04-21,391.179993,2.35,542.919983
2015-04-22,389.799988,2.28,549.179993
2015-04-23,389.98999,2.33,557.460022
2015-04-24,445.10000599999995,2.3,573.659973
2015-04-27,438.55999800000006,2.34,566.119995
2015-04-28,429.30999800000006,2.31,564.369995
2015-04-29,429.369995,2.28,561.3900150000001
2015-04-30,421.77999900000003,2.26,548.77002
2015-05-01,422.869995,2.31,551.159973
2015-05-04,423.040009,2.31,552.840027
2015-05-05,421.19000199999994,2.28,543.039978
2015-05-06,419.100006,2.29,535.080017
2015-05-07,426.880005,2.32,542.039978
2015-05-08,433.69000199999994,2.31,548.950012
2015-05-11,432.85000599999995,2.32,545.780029
2015-05-12,431.01998899999995,2.35,538.72998
2015-05-13,426.869995,2.37,539.48999
2015-05-14,432.27999900000003,2.33,549.200012
2015-05-15,426.0,2.32,546.48999
2015-05-18,425.23999000000003,2.35,546.669983
2015-05-19,421.709991,2.28,549.280029
2015-05-20,423.85998499999994,2.32,552.51001
2015-05-21,431.630005,2.28,556.8099980000001
2015-05-22,427.630005,2.28,554.52002
2015-05-26,425.47000099999997,2.22,547.1900019999999
2015-05-27,431.420013,2.28,554.25
2015-05-28,426.57000700000003,2.27,554.179993
2015-05-29,429.23001100000005,2.28,545.320007
2015-06-01,430.920013,2.25,549.210022
2015-06-02,430.98999000000003,2.3,553.950012
2015-06-03,436.589996,2.28,555.289978
2015-06-04,430.77999900000003,2.33,551.6900019999999
2015-06-05,426.950012,2.33,549.530029
2015-06-08,423.5,2.31,543.47998
2015-06-09,425.48001100000005,2.29,542.159973
2015-06-10,430.76998899999995,2.32,552.599976
2015-06-11,432.97000099999997,2.32,550.039978
2015-06-12,429.920013,2.31,547.469971
2015-06-15,423.670013,2.32,543.0
2015-06-16,427.26000999999997,2.35,544.869995
2015-06-17,427.80999800000006,2.47,546.599976
2015-06-18,439.39001500000006,2.52,556.179993
2015-06-19,434.920013,2.58,557.52002
2015-06-22,436.290009,2.62,559.679993
2015-06-23,445.98999000000003,2.61,563.3900150000001
2015-06-24,440.839996,2.62,558.570007
2015-06-25,440.10000599999995,2.58,557.950012
2015-06-26,438.10000599999995,2.47,553.0599980000001
2015-06-29,429.85998499999994,2.34,541.25
2015-06-30,434.089996,2.4,540.039978
2015-07-01,437.39001500000006,2.42,543.299988
2015-07-02,437.709991,2.53,547.340027
2015-07-06,436.040009,2.47,545.619995
2015-07-07,436.72000099999997,2.09,550.030029
2015-07-08,429.700012,2.01,541.700012
2015-07-09,434.39001500000006,1.98,544.650024
2015-07-10,443.51000999999997,1.96,556.1099849999999
2015-07-13,455.57000700000003,1.96,571.72998
2015-07-14,465.57000700000003,2.05,584.179993
2015-07-15,461.19000199999994,1.96,583.960022
2015-07-16,475.48001100000005,1.87,601.780029
2015-07-17,483.01000999999997,1.79,699.619995
2015-07-20,488.10000599999995,1.8,692.840027
2015-07-21,488.0,1.8,695.349976
2015-07-22,488.26998899999995,1.79,695.099976
2015-07-23,482.17999299999997,1.76,674.72998
2015-07-24,529.419983,1.67,654.77002
2015-07-27,531.409973,1.62,658.27002
2015-07-28,526.030029,1.77,659.659973
2015-07-29,529.0,1.96,661.429993
2015-07-30,536.76001,1.93,664.5599980000001
2015-07-31,536.150024,1.93,657.5
2015-08-03,535.030029,2.2,664.719971
2015-08-04,531.900024,2.13,661.280029
2015-08-05,537.01001,2.16,673.289978
2015-08-06,529.460022,2.11,670.150024
2015-08-07,522.619995,2.09,664.3900150000001
2015-08-10,524.0,1.93,663.1400150000001
2015-08-11,527.460022,1.9,690.299988
2015-08-12,525.909973,1.9,691.469971
2015-08-13,529.659973,1.79,686.51001
2015-08-14,531.52002,1.84,689.369995
2015-08-17,535.219971,1.8,694.1099849999999
2015-08-18,535.02002,1.8,688.72998
2015-08-19,532.919983,1.8,694.039978
2015-08-20,515.780029,1.7,679.47998
2015-08-21,494.47000099999997,1.78,644.030029
2015-08-24,463.369995,1.75,618.1099849999999
2015-08-25,466.369995,1.66,612.469971
2015-08-26,500.76998899999995,1.72,659.73999
2015-08-27,518.369995,1.78,667.960022
2015-08-28,518.01001,1.85,659.6900019999999
2015-08-31,512.8900150000001,1.81,647.820007
2015-09-01,496.540009,1.71,629.5599980000001
2015-09-02,510.549988,1.77,644.909973
2015-09-03,504.72000099999997,1.79,637.049988
2015-09-04,499.0,1.82,628.960022
2015-09-08,517.539978,1.88,643.880005
2015-09-09,516.8900150000001,1.85,643.409973
2015-09-10,522.23999,1.84,651.080017
2015-09-11,529.4400019999999,2.01,655.299988
2015-09-14,521.380005,1.82,652.469971
2015-09-15,522.369995,1.86,665.070007
2015-09-16,527.3900150000001,1.89,665.52002
2015-09-17,538.869995,1.89,671.669983
2015-09-18,540.26001,1.87,660.919983
2015-09-21,548.3900150000001,1.81,666.97998
2015-09-22,538.400024,1.73,653.200012
2015-09-23,536.070007,1.7,653.289978
2015-09-24,533.75,1.72,654.909973
2015-09-25,524.25,1.71,640.150024
2015-09-28,504.05999800000006,1.66,624.25
2015-09-29,496.07000700000003,1.67,622.6099849999999
2015-09-30,511.89001500000006,1.72,638.369995
2015-10-01,520.719971,1.74,642.0
2015-10-02,532.539978,1.83,656.98999
2015-10-05,543.679993,1.8,671.679993
2015-10-06,537.47998,1.83,671.6400150000001
2015-10-07,541.9400019999999,1.86,670.0
2015-10-08,533.159973,1.93,667.0
2015-10-09,539.799988,1.96,671.23999
2015-10-12,550.1900019999999,1.87,676.429993
2015-10-13,548.900024,1.92,683.169983
2015-10-14,544.830017,1.95,680.409973
2015-10-15,562.4400019999999,1.97,693.02002
2015-10-16,570.76001,1.94,695.320007
2015-10-19,573.150024,2.01,699.950012
2015-10-20,560.880005,2.02,680.0
2015-10-21,555.77002,2.1,671.799988
2015-10-22,563.909973,2.14,681.1400150000001
2015-10-23,599.030029,2.21,719.330017
2015-10-26,608.6099849999999,2.15,731.119995
2015-10-27,611.01001,2.15,732.820007
2015-10-28,617.099976,2.18,736.919983
2015-10-29,626.549988,2.13,744.849976
2015-10-30,625.900024,2.12,737.3900150000001
2015-11-02,628.349976,2.19,747.73999
2015-11-03,625.3099980000001,2.28,748.820007
2015-11-04,640.950012,2.2,755.3099980000001
2015-11-05,655.650024,2.2,760.669983
2015-11-06,659.369995,2.15,761.599976
2015-11-09,655.48999,2.11,754.77002
2015-11-10,659.679993,2.02,758.26001
2015-11-11,673.25,2.07,765.25
2015-11-12,665.599976,2.0,756.530029
2015-11-13,642.349976,1.99,740.070007
2015-11-16,647.8099980000001,1.99,750.419983
2015-11-17,643.299988,1.98,745.97998
2015-11-18,663.539978,2.12,760.01001
2015-11-19,661.27002,2.14,759.9400019999999
2015-11-20,668.450012,2.22,777.0
2015-11-23,678.98999,2.22,776.700012
2015-11-24,671.150024,2.34,769.630005
2015-11-25,675.340027,2.38,769.26001
2015-11-27,673.26001,2.33,771.969971
2015-11-30,664.799988,2.36,762.849976
2015-12-01,679.0599980000001,2.34,783.789978
2015-12-02,676.01001,2.27,777.849976
2015-12-03,666.25,2.23,768.200012
2015-12-04,672.6400150000001,2.28,779.210022
2015-12-07,669.830017,2.36,772.98999
2015-12-08,677.330017,2.39,775.1400150000001
2015-12-09,664.789978,2.35,762.549988
2015-12-10,662.320007,2.45,760.039978
2015-12-11,640.150024,2.36,750.419983
2015-12-14,657.909973,2.34,762.539978
2015-12-15,658.6400150000001,2.36,760.090027
2015-12-16,675.77002,2.54,776.590027
2015-12-17,670.650024,2.56,769.830017
2015-12-18,664.1400150000001,2.45,756.849976
2015-12-21,664.51001,2.53,760.799988
2015-12-22,663.150024,2.77,767.130005
2015-12-23,663.700012,2.83,768.51001
2015-12-24,662.789978,2.92,765.840027
2015-12-28,675.200012,3.0,782.23999
2015-12-29,693.969971,3.0,793.960022
2015-12-30,689.070007,2.98,790.299988
2015-12-31,675.8900150000001,2.87,778.01001
2016-01-04,636.98999,2.77,759.4400019999999
2016-01-05,633.789978,2.75,761.530029
2016-01-06,632.650024,2.51,759.330017
2016-01-07,607.9400019999999,2.28,741.0
2016-01-08,607.049988,2.14,730.909973
2016-01-11,617.73999,2.34,733.070007
2016-01-12,617.8900150000001,2.39,745.340027
2016-01-13,581.8099980000001,2.25,719.570007
2016-01-14,593.0,2.21,731.3900150000001
2016-01-15,570.179993,2.03,710.48999
2016-01-19,574.47998,1.95,719.080017
2016-01-20,571.77002,1.8,718.5599980000001
2016-01-21,575.02002,2.09,726.669983
2016-01-22,596.380005,2.02,745.460022
2016-01-25,596.530029,2.12,733.619995
2016-01-26,601.25,2.07,733.789978
2016-01-27,583.349976,2.13,717.580017
2016-01-28,635.349976,2.08,748.299988
2016-01-29,587.0,2.2,761.349976
2016-02-01,574.8099980000001,2.14,770.77002
2016-02-02,552.099976,1.99,780.909973
2016-02-03,531.070007,2.07,749.380005
2016-02-04,536.26001,2.09,730.030029
2016-02-05,502.130005,1.98,703.76001
2016-02-08,488.10000599999995,1.93,704.159973
2016-02-09,482.07000700000003,1.9,701.02002
2016-02-10,490.48001100000005,1.84,706.849976
2016-02-11,503.82000700000003,1.86,706.3599849999999
2016-02-12,507.079987,1.83,706.8900150000001
2016-02-16,521.099976,1.83,717.6400150000001
2016-02-17,534.099976,1.9,731.969971
2016-02-18,525.0,1.91,717.51001
2016-02-19,534.900024,1.91,722.1099849999999
2016-02-22,559.5,2.01,729.049988
2016-02-23,552.9400019999999,1.97,717.289978
2016-02-24,554.039978,2.02,720.900024
2016-02-25,555.150024,2.03,729.119995
2016-02-26,555.22998,2.07,724.8599849999999
2016-02-29,552.52002,2.14,717.219971
2016-03-01,579.039978,2.18,742.169983
2016-03-02,580.210022,2.32,739.47998
2016-03-03,577.48999,2.46,731.590027
2016-03-04,575.1400150000001,2.37,730.219971
2016-03-07,562.799988,2.47,712.799988
2016-03-08,560.26001,2.3,713.530029
2016-03-09,559.469971,2.26,725.409973
2016-03-10,558.929993,2.26,732.169983
2016-03-11,569.6099849999999,2.52,744.869995
2016-03-14,573.369995,2.72,750.23999
2016-03-15,577.02002,2.49,750.570007
2016-03-16,574.27002,2.63,757.3599849999999
2016-03-17,559.4400019999999,2.8,758.47998
2016-03-18,552.080017,2.93,755.409973
2016-03-21,553.97998,2.8,762.159973
2016-03-22,560.47998,2.79,760.049988
2016-03-23,569.630005,2.68,757.5599980000001
2016-03-24,582.950012,2.79,754.840027
2016-03-28,579.869995,2.78,753.280029
2016-03-29,593.8599849999999,2.86,765.8900150000001
2016-03-30,598.6900019999999,2.86,768.340027
2016-03-31,593.6400150000001,2.85,762.900024
2016-04-01,598.5,2.83,769.669983
2016-04-04,593.1900019999999,2.83,765.119995
2016-04-05,586.1400150000001,2.76,758.570007
2016-04-06,602.080017,2.8,768.070007
2016-04-07,591.429993,2.64,760.119995
2016-04-08,594.599976,2.74,759.469971
2016-04-11,595.929993,2.76,757.539978
2016-04-12,603.169983,2.81,764.320007
2016-04-13,614.820007,2.8,771.909973
2016-04-14,620.75,2.72,775.3900150000001
2016-04-15,625.8900150000001,2.7,780.0
2016-04-18,635.349976,2.76,787.679993
2016-04-19,627.900024,2.62,776.25
2016-04-20,632.98999,2.7,774.919983
2016-04-21,631.0,2.62,780.0
2016-04-22,620.5,3.99,737.77002
2016-04-25,626.200012,3.45,742.210022
2016-04-26,616.880005,3.66,725.369995
2016-04-27,606.570007,3.73,721.460022
2016-04-28,602.0,3.61,705.0599980000001
2016-04-29,659.590027,3.55,707.880005
2016-05-02,683.849976,3.74,714.409973
2016-05-03,671.320007,3.6,708.4400019999999
2016-05-04,670.900024,3.6,711.369995
2016-05-05,659.090027,3.66,714.710022
2016-05-06,673.950012,3.68,725.179993
2016-05-09,679.75,3.65,729.130005
2016-05-10,703.070007,3.64,739.380005
2016-05-11,713.22998,3.65,730.549988
2016-05-12,717.929993,3.59,728.070007
2016-05-13,709.919983,3.67,724.830017
2016-05-16,710.659973,3.79,730.299988
2016-05-17,695.27002,3.79,720.1900019999999
2016-05-18,697.450012,3.84,721.780029
2016-05-19,698.52002,3.77,715.3099980000001
2016-05-20,702.799988,3.87,721.710022
2016-05-23,696.75,4.04,717.25
2016-05-24,704.200012,4.2,733.030029
2016-05-25,708.349976,4.18,738.099976
2016-05-26,714.909973,4.35,736.929993
2016-05-27,712.23999,4.6,747.599976
2016-05-31,722.789978,4.57,748.849976
2016-06-01,719.4400019999999,4.43,748.460022
2016-06-02,728.23999,4.24,744.27002
2016-06-03,725.539978,4.16,735.8599849999999
2016-06-06,726.72998,4.47,730.0599980000001
2016-06-07,723.73999,4.51,731.090027
2016-06-08,726.6400150000001,4.46,742.929993
2016-06-09,727.650024,4.52,742.52002
2016-06-10,717.909973,4.32,733.1900019999999
2016-06-13,715.23999,4.4,731.880005
2016-06-14,719.299988,4.39,733.25
2016-06-15,714.26001,4.42,732.1900019999999
2016-06-16,717.51001,4.75,724.25
2016-06-17,706.3900150000001,5.26,704.25
2016-06-20,714.01001,5.1,706.130005
2016-06-21,715.820007,5.45,708.880005
2016-06-22,710.599976,5.02,710.469971
2016-06-23,722.080017,5.21,714.869995
2016-06-24,698.960022,4.88,685.200012
2016-06-27,691.3599849999999,4.72,681.1400150000001
2016-06-28,707.950012,5.12,691.26001
2016-06-29,715.599976,5.13,695.1900019999999
2016-06-30,715.619995,5.14,703.530029
2016-07-01,725.679993,5.07,710.25
2016-07-05,728.099976,4.96,704.8900150000001
2016-07-06,737.6099849999999,5.04,708.969971
2016-07-07,736.570007,5.02,707.26001
2016-07-08,745.8099980000001,5.1,717.780029
2016-07-11,753.780029,5.01,727.200012
2016-07-12,748.210022,5.14,732.51001
2016-07-13,742.630005,5.09,729.47998
2016-07-14,741.200012,5.17,735.799988
2016-07-15,735.4400019999999,5.14,735.630005
2016-07-18,736.070007,5.51,753.200012
2016-07-19,739.950012,5.41,753.409973
2016-07-20,745.719971,5.41,757.080017
2016-07-21,744.429993,5.22,754.409973
2016-07-22,744.8599849999999,5.84,759.280029
2016-07-25,739.6099849999999,6.7,757.52002
2016-07-26,735.590027,6.98,757.650024
2016-07-27,736.669983,6.85,761.969971
2016-07-28,752.6099849999999,6.82,765.840027
2016-07-29,758.8099980000001,6.86,791.340027
2016-08-01,767.73999,6.64,800.9400019999999
2016-08-02,760.580017,6.26,800.119995
2016-08-03,754.6400150000001,6.3,798.919983
2016-08-04,760.77002,6.47,797.25
2016-08-05,765.97998,6.61,806.929993
2016-08-08,766.5599980000001,6.68,805.22998
2016-08-09,768.3099980000001,6.6,807.47998
2016-08-10,768.5599980000001,6.49,808.48999
2016-08-11,771.23999,6.58,808.200012
2016-08-12,772.5599980000001,6.73,807.049988
2016-08-15,768.48999,6.95,805.960022
2016-08-16,764.039978,6.78,801.1900019999999
2016-08-17,764.630005,6.68,805.419983
2016-08-18,764.460022,7.04,802.75
2016-08-19,757.3099980000001,7.62,799.650024
2016-08-22,759.47998,7.58,796.950012
2016-08-23,762.450012,7.67,796.590027
2016-08-24,757.25,7.43,793.599976
2016-08-25,759.219971,7.47,791.299988
2016-08-26,769.0,7.67,793.219971
2016-08-29,771.289978,7.59,795.820007
2016-08-30,767.580017,7.49,791.919983
2016-08-31,769.159973,7.4,789.849976
2016-09-01,770.619995,7.35,791.400024
2016-09-02,772.4400019999999,7.51,796.869995
2016-09-06,788.869995,7.34,808.02002
2016-09-07,784.47998,6.84,807.98999
2016-09-08,784.0599980000001,6.23,802.840027
2016-09-09,760.1400150000001,5.9,788.47998
2016-09-12,771.48999,5.94,798.820007
2016-09-13,761.01001,5.74,788.719971
2016-09-14,761.090027,6.04,790.460022
2016-09-15,769.6900019999999,6.02,801.22998
2016-09-16,778.52002,6.05,797.969971
2016-09-19,775.099976,6.16,795.3900150000001
2016-09-20,780.219971,6.17,799.780029
2016-09-21,789.73999,6.29,805.030029
2016-09-22,804.700012,6.37,815.950012
2016-09-23,805.75,6.55,814.960022
2016-09-26,799.159973,6.32,802.650024
2016-09-27,816.1099849999999,6.54,810.72998
2016-09-28,828.719971,6.59,810.0599980000001
2016-09-29,829.049988,6.67,802.6400150000001
2016-09-30,837.3099980000001,6.91,804.0599980000001
2016-10-03,836.73999,6.95,800.380005
2016-10-04,834.030029,6.97,802.789978
2016-10-05,844.3599849999999,6.78,801.22998
2016-10-06,841.659973,6.96,803.080017
2016-10-07,839.429993,6.75,800.710022
2016-10-10,841.7100220000001,6.84,814.169983
2016-10-11,831.0,6.5,809.570007
2016-10-12,834.090027,6.62,811.77002
2016-10-13,829.280029,6.49,804.080017
2016-10-14,822.960022,6.75,804.599976
2016-10-17,812.950012,6.67,806.840027
2016-10-18,817.650024,6.73,821.48999
2016-10-19,817.6900019999999,6.77,826.840027
2016-10-20,810.320007,6.96,821.630005
2016-10-21,818.98999,6.52,824.0599980000001
2016-10-24,838.090027,7.01,835.73999
2016-10-25,835.179993,7.5,828.549988
2016-10-26,822.590027,7.29,822.099976
2016-10-27,818.3599849999999,7.11,817.349976
2016-10-28,776.320007,7.2,819.5599980000001
2016-10-31,789.820007,7.23,809.900024
2016-11-01,785.409973,7.09,805.47998
2016-11-02,765.5599980000001,6.76,788.419983
2016-11-03,767.030029,6.7,782.1900019999999
2016-11-04,755.049988,6.56,781.099976
2016-11-07,784.929993,6.96,802.030029
2016-11-08,787.75,7.0,811.97998
2016-11-09,771.880005,6.94,805.590027
2016-11-10,742.380005,6.3,780.289978
2016-11-11,739.01001,6.69,771.75
2016-11-14,719.070007,6.79,753.219971
2016-11-15,743.23999,6.97,775.159973
2016-11-16,746.48999,7.67,779.97998
2016-11-17,756.400024,8.46,786.159973
2016-11-18,760.159973,8.71,775.969971
2016-11-21,780.0,8.94,784.799988
2016-11-22,785.330017,8.69,785.0
2016-11-23,780.119995,8.8,779.0
2016-11-25,780.369995,8.77,780.22998
2016-11-28,766.77002,8.83,785.789978
2016-11-29,762.52002,8.93,789.4400019999999
2016-11-30,750.570007,8.91,775.880005
2016-12-01,743.650024,8.39,764.330017
2016-12-02,740.340027,8.53,764.460022
2016-12-05,759.3599849999999,8.68,778.219971
2016-12-06,764.719971,9.45,776.179993
2016-12-07,770.419983,9.56,791.469971
2016-12-08,767.330017,10.34,795.169983
2016-12-09,768.659973,10.34,809.450012
2016-12-12,760.119995,10.68,807.900024
2016-12-13,774.340027,10.54,815.340027
2016-12-14,768.820007,10.55,817.8900150000001
2016-12-15,761.0,10.86,815.650024
2016-12-16,757.77002,10.66,809.840027
2016-12-19,766.0,10.95,812.5
2016-12-20,771.219971,11.51,815.200012
2016-12-21,770.599976,11.47,812.200012
2016-12-22,766.340027,11.6,809.679993
2016-12-23,760.590027,11.58,807.799988
2016-12-27,771.400024,12.07,809.929993
2016-12-28,772.130005,11.55,804.570007
2016-12-29,765.150024,11.59,802.880005
2016-12-30,749.869995,11.34,792.450012
2017-01-03,753.669983,11.43,808.01001
2017-01-04,757.179993,11.43,807.77002
2017-01-05,780.450012,11.24,813.02002
2017-01-06,795.98999,11.32,825.210022
2017-01-09,796.919983,11.49,827.179993
2017-01-10,795.900024,11.44,826.01001
2017-01-11,799.02002,11.2,829.8599849999999
2017-01-12,813.6400150000001,10.76,829.530029
2017-01-13,817.1400150000001,10.58,830.9400019999999
2017-01-17,809.719971,9.82,827.460022
2017-01-18,807.47998,9.88,829.02002
2017-01-19,809.039978,9.77,824.369995
2017-01-20,808.330017,9.75,828.169983
2017-01-23,817.880005,9.91,844.429993
2017-01-24,822.4400019999999,10.44,849.5300289999999
2017-01-25,836.52002,10.35,858.4500119999999
2017-01-26,839.150024,10.52,856.9799800000001
2017-01-27,835.77002,10.67,845.0300289999999
2017-01-30,830.380005,10.61,823.830017
2017-01-31,823.47998,10.37,820.1900019999999
2017-02-01,832.349976,12.06,815.23999
2017-02-02,839.9500119999999,12.28,818.26001
2017-02-03,810.200012,12.24,820.130005
2017-02-06,807.6400150000001,13.63,821.619995
2017-02-07,812.5,13.29,829.22998
2017-02-08,819.710022,13.56,829.880005
2017-02-09,821.3599849999999,13.42,830.0599980000001
2017-02-10,827.460022,13.58,834.849976
2017-02-13,836.530029,13.49,838.9600220000001
2017-02-14,836.3900150000001,13.26,840.0300289999999
2017-02-15,842.7000119999999,13.3,837.320007
2017-02-16,844.1400150000001,12.97,842.169983
2017-02-17,845.070007,13.13,846.5499880000001
2017-02-21,856.4400019999999,14.0,849.2700199999999
2017-02-22,855.6099849999999,14.28,851.3599849999999
2017-02-23,852.1900019999999,14.32,851.0
2017-02-24,845.23999,14.12,847.8099980000001
2017-02-27,848.6400150000001,15.2,849.669983
2017-02-28,845.0399779999999,14.46,844.929993
2017-03-01,853.080017,14.96,856.75
2017-03-02,848.909973,13.9,849.849976
2017-03-03,849.8800050000001,13.03,849.080017
2017-03-06,846.6099849999999,13.04,847.2700199999999
2017-03-07,846.0200199999999,13.05,851.150024
2017-03-08,850.5,13.22,853.6400150000001
2017-03-09,853.0,13.33,857.840027
2017-03-10,852.4600220000001,13.91,861.409973
2017-03-13,854.590027,14.28,864.580017
2017-03-14,852.5300289999999,14.1,865.909973
2017-03-15,852.9699710000001,13.98,868.3900150000001
2017-03-16,853.419983,13.65,870.0
2017-03-17,852.3099980000001,13.49,872.3699949999999
2017-03-20,856.9699710000001,14.4,867.909973
2017-03-21,843.2000119999999,13.82,850.1400150000001
2017-03-22,848.0599980000001,14.1,849.7999880000001
2017-03-23,847.3800050000001,13.79,839.650024
2017-03-24,845.6099849999999,13.7,835.1400150000001
2017-03-27,846.820007,13.7,838.51001
2017-03-28,856.0,13.69,840.6300050000001
2017-03-29,874.320007,13.71,849.8699949999999
2017-03-30,876.340027,14.05,849.4799800000001
2017-03-31,886.5399779999999,14.55,847.7999880000001
2017-04-03,891.51001,14.64,856.75
2017-04-04,906.830017,14.16,852.570007
2017-04-05,909.2800289999999,14.17,848.909973
2017-04-06,898.2800289999999,13.27,845.099976
2017-04-07,894.8800050000001,13.52,842.099976
2017-04-10,907.0399779999999,13.1,841.7000119999999
2017-04-11,902.3599849999999,13.1,839.8800050000001
2017-04-12,896.2299800000001,12.76,841.4600220000001
2017-04-13,884.669983,12.31,840.179993
2017-04-17,901.98999,12.79,855.1300050000001
2017-04-18,903.7800289999999,12.95,853.98999
2017-04-19,899.2000119999999,12.84,856.51001
2017-04-20,902.0599980000001,13.11,860.080017
2017-04-21,898.5300289999999,13.0,858.9500119999999
2017-04-24,907.409973,13.13,878.929993
2017-04-25,907.6199949999999,13.49,888.840027
2017-04-26,909.2899779999999,13.41,889.1400150000001
2017-04-27,918.3800050000001,13.62,891.4400019999999
2017-04-28,924.98999,13.3,924.5200199999999
2017-05-01,948.2299800000001,13.62,932.820007
2017-05-02,946.9400019999999,10.32,937.090027
2017-05-03,941.0300289999999,10.39,948.4500119999999
2017-05-04,937.5300289999999,10.1,954.7199710000001
2017-05-05,934.150024,10.19,950.2800289999999
2017-05-08,949.0399779999999,10.04,958.6900019999999
2017-05-09,952.820007,10.18,956.7100220000001
2017-05-10,948.9500119999999,10.79,954.840027
2017-05-11,947.6199949999999,11.07,955.8900150000001
2017-05-12,961.349976,11.26,955.1400150000001
2017-05-15,957.9699710000001,11.42,959.2199710000001
2017-05-16,966.070007,12.75,964.6099849999999
2017-05-17,944.76001,11.2,942.169983
2017-05-18,958.48999,11.28,950.5
2017-05-19,959.840027,11.41,954.650024
2017-05-22,970.669983,11.04,964.070007
2017-05-23,971.5399779999999,10.89,970.5499880000001
2017-05-24,980.349976,10.89,977.6099849999999
2017-05-25,993.3800050000001,10.98,991.8599849999999
2017-05-26,995.7800289999999,11.0,993.2700199999999
2017-05-30,996.7000119999999,11.12,996.169983
2017-05-31,994.6199949999999,11.19,987.090027
2017-06-01,995.9500119999999,10.93,988.2899779999999
2017-06-02,1006.7299800000001,10.9,996.1199949999999
2017-06-05,1011.340027,11.24,1003.8800050000001
2017-06-06,1003.0,12.03,996.679993
2017-06-07,1010.070007,12.38,1001.5
2017-06-08,1010.2700199999999,12.9,1004.2800289999999
2017-06-09,978.3099980000001,12.28,970.1199949999999
2017-06-12,964.909973,12.09,961.8099980000001
2017-06-13,980.7899779999999,11.96,970.5
2017-06-14,976.4699710000001,11.77,967.929993
2017-06-15,964.169983,11.5,960.179993
2017-06-16,987.7100220000001,11.44,958.6199949999999
2017-06-19,995.169983,11.93,975.2199710000001
2017-06-20,992.590027,12.64,968.98999
2017-06-21,1002.2299800000001,13.98,978.590027
2017-06-22,1001.2999880000001,14.38,976.6199949999999
2017-06-23,1003.73999,14.17,986.090027
2017-06-26,993.9799800000001,14.08,972.090027
2017-06-27,976.7800289999999,13.4,948.090027
2017-06-28,990.330017,13.23,961.01001
2017-06-29,975.929993,12.6,937.820007
2017-06-30,968.0,12.48,929.679993
2017-07-03,953.659973,12.15,919.4600220000001
2017-07-05,971.400024,13.19,932.26001
2017-07-06,965.1400150000001,13.02,927.6900019999999
2017-07-07,978.76001,13.36,940.8099980000001
2017-07-10,996.4699710000001,13.81,951.0
2017-07-11,994.1300050000001,13.89,953.5300289999999
2017-07-12,1006.51001,14.29,967.659973
2017-07-13,1000.6300050000001,13.53,968.849976
2017-07-14,1001.8099980000001,13.92,976.909973
2017-07-17,1010.0399779999999,13.8,975.9600220000001
2017-07-18,1024.449951,13.48,986.9500119999999
2017-07-19,1026.869995,13.55,992.7700199999999
2017-07-20,1028.699951,13.8,992.1900019999999
2017-07-21,1025.670044,13.88,993.840027
2017-07-24,1038.949951,14.16,998.3099980000001
2017-07-25,1039.869995,14.11,969.0300289999999
2017-07-26,1052.800049,14.76,965.3099980000001
2017-07-27,1046.0,14.12,952.51001
2017-07-28,1020.0399779999999,13.95,958.330017
2017-07-31,987.7800289999999,13.61,945.5
2017-08-01,996.1900019999999,13.71,946.5599980000001
2017-08-02,995.8900150000001,13.37,947.6400150000001
2017-08-03,986.919983,13.24,940.2999880000001
2017-08-04,987.580017,13.12,945.7899779999999
2017-08-07,992.2700199999999,13.43,945.75
2017-08-08,989.840027,13.11,944.1900019999999
2017-08-09,982.01001,12.83,940.080017
2017-08-10,956.919983,12.12,923.590027
2017-08-11,967.98999,12.23,930.090027
2017-08-14,983.2999880000001,12.76,938.929993
2017-08-15,982.73999,13.02,938.080017
2017-08-16,978.179993,12.63,944.2700199999999
2017-08-17,960.570007,12.34,927.659973
2017-08-18,958.4699710000001,12.37,926.179993
